Customer Name,Phone Number,Email ID,Loan Account No,Branch,Product,Outstanding (L),ROI,Trigger,Risk Level,RM Contact Status,Action Taken,Outcome,RM Comments,Portfolio Retained (L),Assigned RM,Last Contact Date,Next Check-in Due,Check-in Status
Venkatesh S,+91 98402 11223,venkatesh.s@gmail.com,LN-CHN-2023-101,Chennai,HL,65.0,9.90,Competitor Quote | Bureau Alert,High,Not Contacted,,Follow-up,,0.0,K. Rajesh,2026-06-12,2026-09-12,Overdue
Gayathri M,+91 94433 22334,gayathri.m@yahoo.co.in,LN-MDU-2022-102,Madurai,HL,41.5,10.15,Foreclosure Enquiry | Own Fund Intent,High,Contacted,Own Fund Discussion,Partially Retained,Customer agreed to prepay only Rs.10L and keep Rs.31.5L active.,31.5,R. Anandhan,2026-09-20,2026-12-20,Up to date
Saravanan K,+91 97891 33445,saravanan.k@outlook.com,LN-CBE-2024-103,Coimbatore,NHL,28.0,11.50,Rate Reduction Request | Competitor Quote,High,Not Contacted,,Follow-up,,0.0,S. Priya,2026-05-18,2026-08-18,Overdue
Bhuvaneshwari P,+91 99402 44556,bhuvaneshwari.p@gmail.com,LN-TRY-2023-104,Trichy,HL,34.0,9.65,Bureau Alert,Medium,Contacted,Rate Review,Retained,Offered competitive rate match. Retained balance.,34.0,S. Priya,2026-08-28,2026-11-28,Up to date
Manoj Kumar T,+91 98841 55667,manoj.t@rediffmail.com,LN-SLM-2024-105,Salem,HL,48.0,10.40,Foreclosure Enquiry,High,Not Contacted,,Follow-up,,0.0,K. Rajesh,2026-07-02,2026-10-02,Due Today
Kaviarasu R,+91 96001 66778,kaviarasu.r@gmail.com,LN-SVK-2021-106,Sivakasi,HL,22.0,10.00,Own Fund Intent,High,Contacted,Own Fund Discussion,Retained,Counseled borrower on retaining liquidity; retained total loan.,22.0,R. Anandhan,2026-09-14,2026-12-14,Up to date
Shanthi N,+91 97901 77889,shanthi.n@gmail.com,LN-TNV-2023-107,Tirunelveli,NHL,16.5,12.20,Service Complaint,Medium,Contacted,Service Resolution,Retained,Addressed pending property document dispatch within 48h.,16.5,R. Anandhan,2026-08-10,2026-11-10,Up to date
Dhanasekaran G,+91 94441 88990,dhana.g@gmail.com,LN-ERD-2024-108,Erode,HL,52.0,9.75,Competitor Quote | Foreclosure Enquiry,High,Not Contacted,,Follow-up,,0.0,S. Priya,2026-06-22,2026-09-22,Overdue
Deepa S,+91 98413 99001,deepa.s@yahoo.com,LN-CHN-2022-109,Chennai,NHL,19.0,11.80,Rate Reduction Request,Medium,Not Contacted,,Follow-up,,0.0,K. Rajesh,2026-07-15,2026-10-15,Due Soon
Gopinath M,+91 99621 10112,gopinath.m@gmail.com,LN-MDU-2023-110,Madurai,HL,75.0,9.45,Bureau Alert | Competitor Quote,High,Contacted,Rate Review,Follow-up,Evaluating rate concession proposal under credit policy.,0.0,R. Anandhan,2026-09-18,2026-12-18,Up to date
Revathi K,+91 98431 21223,revathi.k@hotmail.com,LN-CBE-2024-111,Coimbatore,HL,36.0,10.25,Top-Up Requirement,Low,Not Contacted,,Follow-up,,0.0,S. Priya,2026-08-04,2026-11-04,Up to date
Thirunavukkarasu A,+91 97911 32334,thiru.a@gmail.com,LN-TRY-2022-112,Trichy,HL,44.0,10.60,Foreclosure Enquiry | Rate Reduction Request,High,Not Contacted,,Follow-up,,0.0,S. Priya,2026-05-30,2026-08-30,Overdue
Anbarasan P,+91 94422 43445,anbarasan.p@gmail.com,LN-SLM-2023-113,Salem,NHL,14.0,12.50,Service Complaint,Medium,Contacted,Service Resolution,Retained,Issued statement of account and waived delayed penalty charge.,14.0,K. Rajesh,2026-08-19,2026-11-19,Up to date
Karpagam V,+91 98846 54556,karpagam.v@gmail.com,LN-SVK-2024-114,Sivakasi,HL,31.0,9.85,Own Fund Intent,High,Not Contacted,,Follow-up,,0.0,R. Anandhan,2026-06-28,2026-09-28,Overdue
Vasanth S,+91 94436 65667,vasanth.s@yahoo.co.in,LN-TNV-2022-115,Tirunelveli,HL,58.0,9.90,Competitor Quote,High,Contacted,Competitor Quote Review,Retained,Offered waiver on reset fee. Customer agreed to stay.,58.0,R. Anandhan,2026-09-08,2026-12-08,Up to date
Hemalatha R,+91 97871 76778,hema.r@gmail.com,LN-ERD-2023-116,Erode,NHL,12.5,11.90,Outstanding Amount Check,Low,Not Contacted,,Follow-up,,0.0,S. Priya,2026-07-24,2026-10-24,Due Soon
Karthikeyan B,+91 98408 87889,karthik.b@gmail.com,LN-CHN-2024-117,Chennai,HL,82.0,9.50,Bureau Alert | Foreclosure Enquiry | Competitor Quote,High,Contacted,Rate Review,Retained,Retained large portfolio customer by reducing spread by 25 bps.,82.0,K. Rajesh,2026-09-02,2026-12-02,Up to date
Malathi D,+91 94449 98990,malathi.d@rediffmail.com,LN-MDU-2021-118,Madurai,HL,26.0,10.35,Own Fund Intent,High,Contacted,Own Fund Discussion,Partially Retained,Customer prepaid Rs.6L; retained remaining Rs.20L.,20.0,R. Anandhan,2026-08-22,2026-11-22,Up to date
Pradeep Kumar N,+91 99404 09001,pradeep.n@gmail.com,LN-CBE-2023-119,Coimbatore,HL,39.0,10.00,Rate Reduction Request,Medium,Not Contacted,,Follow-up,,0.0,S. Priya,2026-06-15,2026-09-15,Overdue
Selvaraj M,+91 94426 10112,selvaraj.m@gmail.com,LN-TRY-2024-120,Trichy,NHL,21.0,11.75,Top-Up Requirement | Competitor Quote,High,Contacted,Top-Up Discussion,Retained,Sanctioned Rs.10L business top-up to retain primary loan.,21.0,S. Priya,2026-09-11,2026-12-11,Up to date
Aiswarya G,+91 94432 21223,aiswarya.g@yahoo.com,LN-SLM-2022-121,Salem,HL,33.0,9.75,Outstanding Amount Check,Low,Not Contacted,,Follow-up,,0.0,K. Rajesh,2026-07-18,2026-10-18,Due Soon
Muralidharan T,+91 97899 32334,murali.t@gmail.com,LN-VLR-2023-122,Vellore,HL,47.0,10.20,Foreclosure Enquiry,High,Not Contacted,,Follow-up,,0.0,K. Rajesh,2026-06-08,2026-09-08,Overdue
Sundaramurthy P,+91 98410 43445,sundar.p@gmail.com,LN-TNJ-2024-123,Thanjavur,HL,29.5,10.50,Service Complaint,Medium,Contacted,Service Resolution,Retained,Branch manager conducted personal visit and resolved dispute.,29.5,S. Priya,2026-08-30,2026-11-30,Up to date
Jayanthi S,+91 98842 54556,jayanthi.s@gmail.com,LN-CHN-2023-124,Chennai,NHL,17.0,12.00,Rate Reduction Request,Medium,Not Contacted,,Follow-up,,0.0,K. Rajesh,2026-07-08,2026-10-08,Due Soon
Senthilkumar R,+91 99622 65667,senthil.r@outlook.com,LN-MDU-2024-125,Madurai,HL,56.0,9.60,Competitor Quote | Bureau Alert,High,Contacted,Rate Review,Follow-up,Competitor offered 8.80%; concession note under branch review.,0.0,R. Anandhan,2026-09-25,2026-12-25,Up to date
Vijayalakshmi K,+91 98432 76778,vijaya.k@gmail.com,LN-CBE-2022-126,Coimbatore,HL,30.0,10.10,Own Fund Intent,High,Not Contacted,,Follow-up,,0.0,S. Priya,2026-05-25,2026-08-25,Overdue
Naveen Prasad M,+91 97912 87889,naveen.m@gmail.com,LN-TRY-2023-127,Trichy,NHL,24.0,11.25,Top-Up Requirement,Low,Not Contacted,,Follow-up,,0.0,S. Priya,2026-08-14,2026-11-14,Up to date
Chithra P,+91 94423 98990,chithra.p@yahoo.com,LN-SLM-2024-128,Salem,HL,37.5,9.80,Bureau Alert,Medium,Contacted,Follow-up Required,Follow-up,Customer comparing offers; scheduled callback next week.,0.0,K. Rajesh,2026-09-16,2026-12-16,Up to date
Aravindh S,+91 98847 09001,aravindh.s@gmail.com,LN-SVK-2023-129,Sivakasi,HL,43.0,10.30,Foreclosure Enquiry | Competitor Quote,High,Not Contacted,,Follow-up,,0.0,R. Anandhan,2026-06-19,2026-09-19,Overdue
Kalaiselvi T,+91 94437 10112,kalai.t@gmail.com,LN-TNV-2022-130,Tirunelveli,HL,18.0,10.75,Service Complaint,Medium,Contacted,Service Resolution,Retained,Rectified ECS bounce penalty charged due to system glitch.,18.0,R. Anandhan,2026-08-11,2026-11-11,Up to date
Manikandan G,+91 97872 21223,mani.g@gmail.com,LN-ERD-2024-131,Erode,HL,62.0,9.50,Competitor Quote | Bureau Alert,High,Contacted,Rate Review,Retained,Matched competitor rate at 9.15%; customer retained completely.,62.0,S. Priya,2026-09-04,2026-12-04,Up to date
Poornima R,+91 98409 32334,poornima.r@gmail.com,LN-CHN-2023-132,Chennai,NHL,15.5,12.10,Outstanding Amount Check,Low,Not Contacted,,Follow-up,,0.0,K. Rajesh,2026-07-28,2026-10-28,Upcoming
Dinesh Kumar V,+91 94442 43445,dinesh.v@gmail.com,LN-VLR-2024-133,Vellore,HL,35.0,10.05,Own Fund Intent,High,Not Contacted,,Follow-up,,0.0,K. Rajesh,2026-06-30,2026-09-30,Overdue
Subbulakshmi M,+91 99405 54556,subbu.m@yahoo.com,LN-TNJ-2022-134,Thanjavur,HL,27.0,10.40,Rate Reduction Request,Medium,Not Contacted,,Follow-up,,0.0,S. Priya,2026-07-02,2026-10-02,Due Today
Raghavan K,+91 94427 65667,raghavan.k@gmail.com,LN-MDU-2023-135,Madurai,HL,71.0,9.35,Bureau Alert | Foreclosure Enquiry,High,Contacted,Rate Review,Retained,High balance borrower retained with loyalty rate benefit.,71.0,R. Anandhan,2026-09-09,2026-12-09,Up to date
